Workbook

Sheet README
A1: Stimulus Expansion — Sign-off Workbook (NIL-53 / F1)
A2: Generated 2026-07-01 by Fable 5. Every gloss and pair is a PROPOSAL requiring human sign-off (Nils). Invariant 4: core-task pairs are real contrastive same-modality ideophones.
A4: Provenance: NINJAL LWP for BCCWJ top-600 (frequency, script share) + Iida & Akita 2023 perceptual strength norms (modality, strength, iconicity). Join key: Hepburn romaji; final sokuon = "q".
A5: Pools: A = in both top600 and norms (full covariates). B = norms only (script frequency needs SketchEngine/jpTenTen lookup).
A6: Scoring: 0.40·z(max perceptual strength) + 0.30·z(log10 freq) + 0.20·modality-scarcity (aud 1.0 > haptic 0.8 > int 0.4 > vis 0.2 > gust 0.1, ×2) + 0.10·pool-A completeness.
A8: Pairs proposed | B8: =COUNTA(Pairs!A2:A100) -> 23
A9: — both words new | B9: =COUNTIF(Pairs!E2:E100,FALSE()) -> 13
A10: — mixed (reuses an existing thesis word) | B10: =COUNTIF(Pairs!E2:E100,TRUE()) -> 10
A11: New recordings needed (audio gate — separate decision) | B11: =SUM(Pairs!H2:H100) -> 36
A12: Pairs signed off | B12: =COUNTIF(Pairs!I2:I100,"yes") -> 0
A14: Sign-off protocol: for each pair set sign_off = yes / no / revise. For mixed pairs ALSO confirm thesis_modality_check (the existing word's thesis modality must match the pair's floor — haptic floor reuses re-classify thesis words per norms).
A15: Gloss style follows the thesis meaning-prompt convention: short English phrase, lowercase, comma-separated senses.

Sheet Candidates
A1: key | B1: pool | C1: hira | D1: kata | E1: Dominant_modality | F1: Maximum_perceptual_strength | G1: Iconicity | H1: Modality_exclusivity | I1: freq_uni | J1: kata_share | K1: redup | L1: voiced_onset | M1: ri_suffix | N1: final_q | O1: len_morae_approx | P1: score | Q1: draft_gloss | R1: sign_off | S1: notes
A2: shittori | B2: A | C2: しっとり | D2: シットリ | E2: Haptic | F2: 4.636 | H2: 20.556 | I2: 622 | J2: 0.024 | K2: =FALSE() -> FALSE | L2: =FALSE() -> FALSE | M2: =TRUE() -> TRUE | N2: =FALSE() -> FALSE | O2: 3 | P2: 1.248 | Q2: moist, silky-damp
A3: butsubutsu | B3: A | C3: ぶつぶつ | D3: ブツブツ | E3: Haptic | F3: 4.636 | G3: 3.2 | H3: 25 | I3: 494 | J3: 0.537 | K3: =TRUE() -> TRUE | L3: =TRUE() -> TRUE | M3: =FALSE() -> FALSE | N3: =FALSE() -> FALSE | O3: 4 | P3: 1.216 | Q3: bumpy, covered in small lumps
A4: saq | B4: B | E4: Auditory | F4: 4.3 | H4: 25.157 | I4: 1687 | K4: =FALSE() -> FALSE | L4: =FALSE() -> FALSE | M4: =FALSE() -> FALSE | N4: =TRUE() -> TRUE | O4: 2 | P4: 1.178 | Q4: swiftly, in one stroke
A5: nikkori | B5: A | C5: にっこり | D5: ニッコリ | E5: Visual | F5: 4.8 | H5: 58.537 | I5: 825 | J5: 0.223 | K5: =FALSE() -> FALSE | L5: =FALSE() -> FALSE | M5: =TRUE() -> TRUE | N5: =FALSE() -> FALSE | O5: 4 | P5: 1.142 | Q5: beaming, with a broad smile
A6: gyuq | B6: B | E6: Haptic | F6: 4.636 | H6: 27.545 | I6: 482 | K6: =FALSE() -> FALSE | L6: =TRUE() -> TRUE | M6: =FALSE() -> FALSE | N6: =TRUE() -> TRUE | O6: 2 | P6: 1.112 | Q6: squeezing tight
A7: batabata | B7: A | C7: ばたばた | D7: バタバタ | E7: Auditory | F7: 4.2 | H7: 23.27 | I7: 544 | J7: 0.776 | K7: =TRUE() -> TRUE | L7: =TRUE() -> TRUE | M7: =FALSE() -> FALSE | N7: =FALSE() -> FALSE | O7: 4 | P7: 1.06 | Q7: clattering, flapping about
A8: fuwafuwa | B8: A | C8: ふわふわ | D8: フワフワ | E8: Haptic | F8: 4.2 | H8: 24.638 | I8: 473 | J8: 0.224 | K8: =TRUE() -> TRUE | L8: =FALSE() -> FALSE | M8: =FALSE() -> FALSE | N8: =FALSE() -> FALSE | O8: 4 | P8: 0.96 | Q8: soft, fluffy, airy
A9: jikkuri | B9: A | C9: じっくり | D9: ジックリ | E9: Visual | F9: 4.3 | H9: 15.429 | I9: 1471 | J9: 0.019 | K9: =FALSE() -> FALSE | L9: =TRUE() -> TRUE | M9: =TRUE() -> TRUE | N9: =FALSE() -> FALSE | O9: 3 | P9: 0.939 | Q9: carefully, taking a long look
A10: shikkari | B10: B | E10: Visual | F10: 4 | H10: 7.732 | I10: 7921 | K10: =FALSE() -> FALSE | L10: =FALSE() -> FALSE | M10: =TRUE() -> TRUE | N10: =FALSE() -> FALSE | O10: 3 | P10: 0.908 | Q10: firmly, reliably
A11: sarasara | B11: A | C11: さらさら | D11: サラサラ | E11: Haptic | F11: 4.077 | H11: 25.568 | I11: 459 | J11: 0.515 | K11: =TRUE() -> TRUE | L11: =FALSE() -> FALSE | M11: =FALSE() -> FALSE | N11: =FALSE() -> FALSE | O11: 4 | P11: 0.885 | Q11: smooth, dry, silky
A12: chiraq | B12: B | E12: Visual | F12: 4.4 | H12: 62.857 | I12: 864 | K12: =FALSE() -> FALSE | L12: =FALSE() -> FALSE | M12: =FALSE() -> FALSE | N12: =TRUE() -> TRUE | O12: 3 | P12: 0.82 | Q12: catching sight for an instant
A13: guruguru | B13: A | C13: ぐるぐる | D13: グルグル | E13: Interoceptive | F13: 4.083 | H13: 29.53 | I13: 728 | J13: 0.302 | K13: =TRUE() -> TRUE | L13: =TRUE() -> TRUE | M13: =FALSE() -> FALSE | N13: =FALSE() -> FALSE | O13: 4 | P13: 0.795 | Q13: head spinning, dizzy whirl
A14: pittari | B14: A | C14: ぴったり | D14: ピッタリ | E14: Haptic | F14: 3.5 | H14: 25.893 | I14: 2099 | J14: 0.377 | K14: =FALSE() -> FALSE | L14: =FALSE() -> FALSE | M14: =TRUE() -> TRUE | N14: =FALSE() -> FALSE | O14: 3 | P14: 0.772 | Q14: fitting exactly, snug
A15: gakkari | B15: A | C15: がっかり | D15: ガッカリ | E15: Visual | F15: 4.1 | H15: 16.667 | I15: 907 | J15: 0.352 | K15: =FALSE() -> FALSE | L15: =TRUE() -> TRUE | M15: =TRUE() -> TRUE | N15: =FALSE() -> FALSE | O15: 3 | P15: 0.756 | Q15: crestfallen, deflated
A16: mechakucha | B16: A | C16: めちゃくちゃ | D16: メチャクチャ | E16: Visual | F16: 4.182 | H16: 16.86 | I16: 591 | J16: 0.153 | K16: =FALSE() -> FALSE | L16: =FALSE() -> FALSE | M16: =FALSE() -> FALSE | N16: =FALSE() -> FALSE | O16: 4 | P16: 0.741 | Q16: in total disarray
A17: assari | B17: A | C17: あっさり | D17: アッサリ | E17: Gustatory | F17: 4 | H17: 23.664 | I17: 1446 | J17: 0.066 | K17: =FALSE() -> FALSE | L17: =FALSE() -> FALSE | M17: =TRUE() -> TRUE | N17: =FALSE() -> FALSE | O17: 3 | P17: 0.725 | Q17: light, plain (taste)
A18: potsun | B18: A | C18: ぽつん | D18: ポツン | E18: Visual | F18: 4.3 | G18: 4.077 | H18: 27.397 | I18: 307 | J18: 0.479 | K18: =FALSE() -> FALSE | L18: =FALSE() -> FALSE | M18: =FALSE() -> FALSE | N18: =FALSE() -> FALSE | O18: 3 | P18: 0.715 | Q18: all alone, a solitary dot
A19: dorodoro | B19: A | C19: どろどろ | D19: ドロドロ | E19: Haptic | F19: 3.9 | G19: 3.429 | H19: 20.29 | I19: 280 | J19: 0.727 | K19: =TRUE() -> TRUE | L19: =TRUE() -> TRUE | M19: =FALSE() -> FALSE | N19: =FALSE() -> FALSE | O19: 4 | P19: 0.714 | Q19: thick, muddy, syrupy
A20: togetoge | B20: B | E20: Haptic | F20: 4.636 | G20: 3.455 | H20: 29.605 | I20: 25 | K20: =TRUE() -> TRUE | L20: =FALSE() -> FALSE | M20: =FALSE() -> FALSE | N20: =FALSE() -> FALSE | O20: 4 | P20: 0.69 | Q20: prickly, thorny
A21: nebaneba | B21: A | C21: ねばねば | D21: ネバネバ | E21: Haptic | F21: 4.077 | G21: 3.733 | H21: 17.703 | I21: 102 | J21: 0.695 | K21: =TRUE() -> TRUE | L21: =FALSE() -> FALSE | M21: =FALSE() -> FALSE | N21: =FALSE() -> FALSE | O21: 6 | P21: 0.671 | Q21: sticky, gooey
A22: fusafusa | B22: A | C22: ふさふさ | D22: フサフサ | E22: Haptic | F22: 4.091 | G22: 3.417 | H22: 29.71 | I22: 92 | J22: 0.455 | K22: =TRUE() -> TRUE | L22: =FALSE() -> FALSE | M22: =FALSE() -> FALSE | N22: =FALSE() -> FALSE | O22: 4 | P22: 0.664 | Q22: fluffy, tufted
A23: chirari | B23: A | C23: ちらり | D23: チラリ | E23: Visual | F23: 4 | H23: 52.778 | I23: 649 | J23: 0.352 | K23: =FALSE() -> FALSE | L23: =FALSE() -> FALSE | M23: =TRUE() -> TRUE | N23: =FALSE() -> FALSE | O23: 3 | P23: 0.651 | Q23: a fleeting glimpse
A24: kachakacha | B24: B | E24: Auditory | F24: 4.2 | G24: 3.333 | H24: 40.385 | I24: 40 | K24: =TRUE() -> TRUE | L24: =FALSE() -> FALSE | M24: =FALSE() -> FALSE | N24: =FALSE() -> FALSE | O24: 4 | P24: 0.588 | Q24: clattering of small hard objects
A25: suq | B25: B | E25: Auditory | F25: 3.5 | H25: 14.103 | I25: 638 | K25: =FALSE() -> FALSE | L25: =FALSE() -> FALSE | M25: =FALSE() -> FALSE | N25: =TRUE() -> TRUE | O25: 2 | P25: 0.582 | Q25: smoothly, without resistance
A26: yukkuri | B26: B | E26: Visual | F26: 3.4 | H26: 27.523 | I26: 8725 | K26: =FALSE() -> FALSE | L26: =FALSE() -> FALSE | M26: =TRUE() -> TRUE | N26: =FALSE() -> FALSE | O26: 3 | P26: 0.578 | Q26: slowly, unhurriedly
A27: urouro | B27: A | C27: うろうろ | D27: ウロウロ | E27: Visual | F27: 3.9 | H27: 34.821 | I27: 565 | J27: 0.474 | K27: =TRUE() -> TRUE | L27: =FALSE() -> FALSE | M27: =FALSE() -> FALSE | N27: =FALSE() -> FALSE | O27: 4 | P27: 0.574 | Q27: wandering aimlessly
A28: pokipoki | B28: B | E28: Auditory | F28: 4.3 | G28: 2.905 | H28: 26.25 | I28: 24 | K28: =TRUE() -> TRUE | L28: =FALSE() -> FALSE | M28: =FALSE() -> FALSE | N28: =FALSE() -> FALSE | O28: 4 | P28: 0.572 | Q28: snapping dry sticks
A29: tappuri | B29: A | C29: たっぷり | D29: タップリ | E29: Visual | F29: 3.5 | H29: 18.11 | I29: 2652 | J29: 0.045 | K29: =FALSE() -> FALSE | L29: =FALSE() -> FALSE | M29: =TRUE() -> TRUE | N29: =FALSE() -> FALSE | O29: 3 | P29: 0.566 | Q29: amply, in generous measure
A30: kishikishi | B30: B | E30: Auditory | F30: 4.4 | G30: 2.385 | H30: 27.215 | I30: 13 | K30: =TRUE() -> TRUE | L30: =FALSE() -> FALSE | M30: =FALSE() -> FALSE | N30: =FALSE() -> FALSE | O30: 4 | P30: 0.542 | Q30: creaking under strain
A31: uttori | B31: A | C31: うっとり | D31: ウットリ | E31: Interoceptive | F31: 3.692 | H31: 11.538 | I31: 471 | J31: 0.131 | K31: =FALSE() -> FALSE | L31: =FALSE() -> FALSE | M31: =TRUE() -> TRUE | N31: =FALSE() -> FALSE | O31: 3 | P31: 0.509 | Q31: spellbound, dreamily entranced
A32: kurukuru | B32: A | C32: くるくる | D32: クルクル | E32: Visual | F32: 3.8 | H32: 33.636 | I32: 527 | J32: 0.336 | K32: =TRUE() -> TRUE | L32: =FALSE() -> FALSE | M32: =FALSE() -> FALSE | N32: =FALSE() -> FALSE | O32: 4 | P32: 0.507 | Q32: twirling round and round
A33: daradara | B33: A | C33: だらだら | D33: ダラダラ | E33: Interoceptive | F33: 3.636 | H33: 22 | I33: 497 | J33: 0.519 | K33: =TRUE() -> TRUE | L33: =TRUE() -> TRUE | M33: =FALSE() -> FALSE | N33: =FALSE() -> FALSE | O33: 4 | P33: 0.485 | Q33: listless, dragging on
A34: kutsukutsu | B34: B | E34: Auditory | F34: 4.1 | G34: 1.818 | H34: 23.239 | I34: 27 | K34: =TRUE() -> TRUE | L34: =FALSE() -> FALSE | M34: =FALSE() -> FALSE | N34: =FALSE() -> FALSE | O34: 4 | P34: 0.474 | Q34: chuckling under one's breath
A35: gakun | B35: A | C35: がくん | D35: ガクン | E35: Interoceptive | F35: 4.083 | G35: 1.929 | H35: 32.639 | I35: 68 | J35: 0.666 | K35: =FALSE() -> FALSE | L35: =TRUE() -> TRUE | M35: =FALSE() -> FALSE | N35: =FALSE() -> FALSE | O35: 3 | P35: 0.457 | Q35: a sudden jolt or drop
A36: batchiri | B36: B | E36: Visual | F36: 3.818 | H36: 24.265 | I36: 498 | K36: =FALSE() -> FALSE | L36: =TRUE() -> TRUE | M36: =TRUE() -> TRUE | N36: =FALSE() -> FALSE | O36: 3 | P36: 0.409 | Q36: perfectly, without a hitch
A37: furafura | B37: A | C37: ふらふら | D37: フラフラ | E37: Interoceptive | F37: 3.455 | H37: 39.583 | I37: 564 | J37: 0.492 | K37: =TRUE() -> TRUE | L37: =FALSE() -> FALSE | M37: =FALSE() -> FALSE | N37: =FALSE() -> FALSE | O37: 4 | P37: 0.399 | Q37: unsteady, wobbly
A38: pikari | B38: B | E38: Visual | F38: 4.727 | G38: 1.091 | H38: 47.619 | I38: 12 | K38: =FALSE() -> FALSE | L38: =FALSE() -> FALSE | M38: =TRUE() -> TRUE | N38: =FALSE() -> FALSE | O38: 3 | P38: 0.397 | Q38: a sudden flash of light
A39: hakkiri | B39: B | E39: Interoceptive | F39: 2.9 | H39: 15.652 | I39: 9870 | K39: =FALSE() -> FALSE | L39: =FALSE() -> FALSE | M39: =TRUE() -> TRUE | N39: =FALSE() -> FALSE | O39: 3 | P39: 0.39 | Q39: clearly, distinctly
A40: tsururi | B40: B | E40: Haptic | F40: 3.909 | G40: 3.8 | H40: 22.892 | I40: 47 | K40: =FALSE() -> FALSE | L40: =FALSE() -> FALSE | M40: =TRUE() -> TRUE | N40: =FALSE() -> FALSE | O40: 3 | P40: 0.364 | Q40: slipping smoothly
A41: sappari | B41: A | C41: さっぱり | D41: サッパリ | E41: Gustatory | F41: 3.3 | H41: 16.923 | I41: 1695 | J41: 0.15 | K41: =FALSE() -> FALSE | L41: =FALSE() -> FALSE | M41: =TRUE() -> TRUE | N41: =FALSE() -> FALSE | O41: 3 | P41: 0.347 | Q41: refreshing, clean (taste)
A42: kossori | B42: A | C42: こっそり | D42: コッソリ | E42: Visual | F42: 3.3 | H42: 19.38 | I42: 970 | J42: 0.066 | K42: =FALSE() -> FALSE | L42: =FALSE() -> FALSE | M42: =TRUE() -> TRUE | N42: =FALSE() -> FALSE | O42: 3 | P42: 0.308 | Q42: stealthily, on the sly
A43: boribori | B43: B | E43: Auditory | F43: 3.7 | G43: 3.294 | H43: 25.191 | I43: 41 | K43: =TRUE() -> TRUE | L43: =TRUE() -> TRUE | M43: =FALSE() -> FALSE | N43: =FALSE() -> FALSE | O43: 4 | P43: 0.305 | Q43: crunching loudly
A44: dotadota | B44: B | E44: Auditory | F44: 3.7 | G44: 3.778 | H44: 41.86 | I44: 38 | K44: =TRUE() -> TRUE | L44: =TRUE() -> TRUE | M44: =FALSE() -> FALSE | N44: =FALSE() -> FALSE | O44: 4 | P44: 0.294 | Q44: stomping heavily
A45: hissori | B45: A | C45: ひっそり | D45: ヒッソリ | E45: Auditory | F45: 2.833 | H45: 25 | I45: 583 | J45: 0.003 | K45: =FALSE() -> FALSE | L45: =FALSE() -> FALSE | M45: =TRUE() -> TRUE | N45: =FALSE() -> FALSE | O45: 3 | P45: 0.288 | Q45: hushed, still
A46: wasawasa | B46: B | E46: Visual | F46: 4.333 | G46: 3.3 | H46: 22.115 | I46: 27 | K46: =TRUE() -> TRUE | L46: =FALSE() -> FALSE | M46: =FALSE() -> FALSE | N46: =FALSE() -> FALSE | O46: 4 | P46: 0.288 | Q46: restlessly rustling
A47: charachara | B47: B | E47: Visual | F47: 4.364 | G47: 2.889 | H47: 27.922 | I47: 24 | K47: =TRUE() -> TRUE | L47: =FALSE() -> FALSE | M47: =FALSE() -> FALSE | N47: =FALSE() -> FALSE | O47: 4 | P47: 0.288 | Q47: jangling flashily
A48: kebakeba | B48: B | E48: Haptic | F48: 4.2 | G48: 2 | H48: 31.967 | I48: 6 | K48: =TRUE() -> TRUE | L48: =FALSE() -> FALSE | M48: =FALSE() -> FALSE | N48: =FALSE() -> FALSE | O48: 4 | P48: 0.237 | Q48: gaudy, garish
A49: hiyari | B49: B | E49: Interoceptive | F49: 4 | G49: 3.615 | H49: 18.293 | I49: 40 | K49: =FALSE() -> FALSE | L49: =FALSE() -> FALSE | M49: =TRUE() -> TRUE | N49: =FALSE() -> FALSE | O49: 3 | P49: 0.233 | Q49: a chill of sudden fear
A50: gushogusho | B50: B | E50: Visual | F50: 4.455 | G50: 3.333 | H50: 21.91 | I50: 10 | K50: =TRUE() -> TRUE | L50: =TRUE() -> TRUE | M50: =FALSE() -> FALSE | N50: =FALSE() -> FALSE | O50: 4 | P50: 0.215 | Q50: soaked, sodden
A51: ukkari | B51: A | C51: うっかり | D51: ウッカリ | E51: Interoceptive | F51: 3 | H51: 32.292 | I51: 779 | J51: 0.037 | K51: =FALSE() -> FALSE | L51: =FALSE() -> FALSE | M51: =TRUE() -> TRUE | N51: =FALSE() -> FALSE | O51: 3 | P51: 0.185 | Q51: a careless slip of the mind
A52: funyafunya | B52: B | E52: Haptic | F52: 3.6 | G52: 3.833 | H52: 24 | I52: 36 | K52: =TRUE() -> TRUE | L52: =FALSE() -> FALSE | M52: =FALSE() -> FALSE | N52: =FALSE() -> FALSE | O52: 6 | P52: 0.15 | Q52: limp, squishy
A53: pokan | B53: A | C53: ぽかん | D53: ポカン | E53: Interoceptive | F53: 3.3 | G53: 3.1 | H53: 34.444 | I53: 151 | J53: 0.384 | K53: =FALSE() -> FALSE | L53: =FALSE() -> FALSE | M53: =FALSE() -> FALSE | N53: =FALSE() -> FALSE | O53: 3 | P53: 0.123 | Q53: blank, vacantly dazed
A54: garan | B54: B | E54: Visual | F54: 3.538 | G54: 1.75 | H54: 30.435 | I54: 197 | K54: =FALSE() -> FALSE | L54: =TRUE() -> TRUE | M54: =FALSE() -> FALSE | N54: =FALSE() -> FALSE | O54: 3 | P54: 0.117 | Q54: hollow, deserted echo
A55: petan | B55: B | E55: Auditory | F55: 3.4 | G55: 2.308 | H55: 21.168 | I55: 29 | K55: =FALSE() -> FALSE | L55: =FALSE() -> FALSE | M55: =FALSE() -> FALSE | N55: =FALSE() -> FALSE | O55: 3 | P55: 0.084 | Q55: flattening with a soft slap
A56: korori | B56: B | E56: Visual | F56: 3.8 | G56: 3.714 | H56: 31.356 | I56: 53 | K56: =FALSE() -> FALSE | L56: =FALSE() -> FALSE | M56: =TRUE() -> TRUE | N56: =FALSE() -> FALSE | O56: 3 | P56: 0.079 | Q56: rolling over easily
A57: kyoton | B57: A | C57: きょとん | D57: キョトン | E57: Visual | F57: 3.182 | G57: 3.444 | H57: 38.889 | I57: 216 | J57: 0.289 | K57: =FALSE() -> FALSE | L57: =FALSE() -> FALSE | M57: =FALSE() -> FALSE | N57: =FALSE() -> FALSE | O57: 3 | P57: 0.026 | Q57: wide-eyed and uncomprehending
A58: potopoto | B58: B | E58: Auditory | F58: 3.4 | G58: 2.75 | H58: 21.094 | I58: 16 | K58: =TRUE() -> TRUE | L58: =FALSE() -> FALSE | M58: =FALSE() -> FALSE | N58: =FALSE() -> FALSE | O58: 4 | P58: 0 | Q58: dripping in steady drops
A59: debudebu | B59: B | E59: Visual | F59: 4 | G59: 1.65 | H59: 30.769 | I59: 11 | K59: =TRUE() -> TRUE | L59: =TRUE() -> TRUE | M59: =FALSE() -> FALSE | N59: =FALSE() -> FALSE | O59: 4 | P59: -0.031 | Q59: flabby, fat
A60: kippari | B60: A | C60: きっぱり | D60: キッパリ | E60: Interoceptive | F60: 2.636 | H60: 38.356 | I60: 714 | J60: 0.291 | K60: =FALSE() -> FALSE | L60: =FALSE() -> FALSE | M60: =TRUE() -> TRUE | N60: =FALSE() -> FALSE | O60: 3 | P60: -0.035 | Q60: decisive, clean-cut
A61: kitchiri | B61: B | E61: Visual | F61: 2.9 | H61: 29.07 | I61: 812 | K61: =FALSE() -> FALSE | L61: =FALSE() -> FALSE | M61: =TRUE() -> TRUE | N61: =FALSE() -> FALSE | O61: 3 | P61: -0.046 | Q61: neatly, precisely
A62: chokichoki | B62: B | E62: Visual | F62: 3.909 | G62: 3.538 | H62: 28.289 | I62: 13 | K62: =TRUE() -> TRUE | L62: =FALSE() -> FALSE | M62: =FALSE() -> FALSE | N62: =FALSE() -> FALSE | O62: 4 | P62: -0.059 | Q62: snipping with scissors
A63: kerakera | B63: B | E63: Auditory | F63: 3 | G63: 2.786 | H63: 34.118 | I63: 47 | K63: =TRUE() -> TRUE | L63: =FALSE() -> FALSE | M63: =FALSE() -> FALSE | N63: =FALSE() -> FALSE | O63: 4 | P63: -0.075 | Q63: cackling openly
A64: burari | B64: A | C64: ぶらり | D64: ブラリ | E64: Visual | F64: 3.182 | G64: 2.154 | H64: 35.106 | I64: 93 | J64: 0.166 | K64: =FALSE() -> FALSE | L64: =TRUE() -> TRUE | M64: =TRUE() -> TRUE | N64: =FALSE() -> FALSE | O64: 3 | P64: -0.094 | Q64: dangling loosely; dropping by aimlessly
A65: burabura | B65: A | C65: ぶらぶら | D65: ブラブラ | E65: Visual | F65: 2.727 | H65: 28.431 | I65: 560 | J65: 0.401 | K65: =TRUE() -> TRUE | L65: =TRUE() -> TRUE | M65: =FALSE() -> FALSE | N65: =FALSE() -> FALSE | O65: 4 | P65: -0.098 | Q65: dangling; strolling idly
A66: pekon | B66: B | E66: Haptic | F66: 3.417 | G66: 1 | H66: 25.503 | I66: 12 | K66: =FALSE() -> FALSE | L66: =FALSE() -> FALSE | M66: =FALSE() -> FALSE | N66: =FALSE() -> FALSE | O66: 3 | P66: -0.112 | Q66: bowing with a bob
A67: bikuq | B67: B | E67: Interoceptive | F67: 3.7 | G67: 3.053 | H67: 28.448 | I67: 7 | K67: =FALSE() -> FALSE | L67: =TRUE() -> TRUE | M67: =FALSE() -> FALSE | N67: =TRUE() -> TRUE | O67: 3 | P67: -0.187 | Q67: flinching with a start
A68: sukkari | B68: B | E68: Interoceptive | F68: 2.3 | H68: 30.159 | I68: 1872 | K68: =FALSE() -> FALSE | L68: =FALSE() -> FALSE | M68: =TRUE() -> TRUE | N68: =FALSE() -> FALSE | O68: 3 | P68: -0.19 | Q68: completely, utterly
A69: sassa | B69: A | C69: さっさ | D69: サッサ | E69: Visual | F69: 2.364 | H69: 28.395 | I69: 1180 | J69: 0.262 | K69: =FALSE() -> FALSE | L69: =FALSE() -> FALSE | M69: =FALSE() -> FALSE | N69: =FALSE() -> FALSE | O69: 2 | P69: -0.199 | Q69: briskly, without dawdling
A70: harari | B70: B | E70: Visual | F70: 3.4 | G70: 2.4 | H70: 33.673 | I70: 34 | K70: =FALSE() -> FALSE | L70: =FALSE() -> FALSE | M70: =TRUE() -> TRUE | N70: =FALSE() -> FALSE | O70: 3 | P70: -0.213 | Q70: fluttering down lightly
A71: choppiri | B71: A | C71: ちょっぴり | D71: チョッピリ | E71: Visual | F71: 2.5 | H71: 10.811 | I71: 575 | J71: 0.03 | K71: =FALSE() -> FALSE | L71: =FALSE() -> FALSE | M71: =TRUE() -> TRUE | N71: =FALSE() -> FALSE | O71: 3 | P71: -0.224 | Q71: just a tiny bit
A72: futsufutsu | B72: A | C72: ふつふつ | D72: フツフツ | E72: Interoceptive | F72: 2.8 | H72: 24.742 | I72: 94 | J72: 0.238 | K72: =TRUE() -> TRUE | L72: =FALSE() -> FALSE | M72: =FALSE() -> FALSE | N72: =FALSE() -> FALSE | O72: 4 | P72: -0.231 | Q72: welling up from within
A73: shinashina | B73: B | E73: Visual | F73: 3.6 | G73: 3.231 | H73: 31.193 | I73: 8 | K73: =TRUE() -> TRUE | L73: =FALSE() -> FALSE | M73: =FALSE() -> FALSE | N73: =FALSE() -> FALSE | O73: 6 | P73: -0.305 | Q73: supple, pliant
A74: pokupoku | B74: B | E74: Auditory | F74: 2.9 | G74: 2 | H74: 29.412 | I74: 12 | K74: =TRUE() -> TRUE | L74: =FALSE() -> FALSE | M74: =FALSE() -> FALSE | N74: =FALSE() -> FALSE | O74: 4 | P74: -0.327 | Q74: clip-clopping softly
A75: birabira | B75: B | E75: Visual | F75: 3.4 | G75: 2.909 | H75: 38.202 | I75: 12 | K75: =TRUE() -> TRUE | L75: =TRUE() -> TRUE | M75: =FALSE() -> FALSE | N75: =FALSE() -> FALSE | O75: 4 | P75: -0.361 | Q75: fluttering flaps
A76: karari | B76: A | C76: からり | D76: カラリ | E76: Visual | F76: 2.6 | G76: 0.429 | H76: 21.698 | I76: 73 | J76: 0.403 | K76: =FALSE() -> FALSE | L76: =FALSE() -> FALSE | M76: =TRUE() -> TRUE | N76: =FALSE() -> FALSE | O76: 3 | P76: -0.461 | Q76: crisply dry; opening with a clatter
A77: parari | B77: B | E77: Visual | F77: 2.9 | G77: 2.154 | H77: 24.762 | I77: 32 | K77: =FALSE() -> FALSE | L77: =FALSE() -> FALSE | M77: =TRUE() -> TRUE | N77: =FALSE() -> FALSE | O77: 3 | P77: -0.507 | Q77: sprinkling lightly
A78: kichiq | B78: B | E78: Visual | F78: 3.4 | H78: 23.636 | I78: 2 | K78: =FALSE() -> FALSE | L78: =FALSE() -> FALSE | M78: =FALSE() -> FALSE | N78: =TRUE() -> TRUE | O78: 3 | P78: -0.617 | Q78: precisely, exactly
A79: yururi | B79: B | E79: Interoceptive | F79: 2.3 | G79: 2.667 | H79: 31.884 | I79: 57 | K79: =FALSE() -> FALSE | L79: =FALSE() -> FALSE | M79: =TRUE() -> TRUE | N79: =FALSE() -> FALSE | O79: 3 | P79: -0.688
A80: nosori | B80: B | E80: Visual | F80: 2.5 | G80: 0.9 | H80: 33.803 | I80: 25 | K80: =FALSE() -> FALSE | L80: =FALSE() -> FALSE | M80: =TRUE() -> TRUE | N80: =FALSE() -> FALSE | O80: 4 | P80: -0.771 | Q80: lumbering sluggishly
A81: chirochiro | B81: B | E81: Visual | F81: 2.308 | G81: 2.133 | H81: 19.469 | I81: 40 | K81: =TRUE() -> TRUE | L81: =FALSE() -> FALSE | M81: =FALSE() -> FALSE | N81: =FALSE() -> FALSE | O81: 4 | P81: -0.814 | Q81: flickering (flame, glance)
A82: gujiguji | B82: B | E82: Interoceptive | F82: 2.5 | G82: 3.053 | H82: 14.953 | I82: 10 | K82: =TRUE() -> TRUE | L82: =TRUE() -> TRUE | M82: =FALSE() -> FALSE | N82: =FALSE() -> FALSE | O82: 4 | P82: -0.822 | Q82: dithering, mumbling
A83: guq | B83: B | E83: Interoceptive | F83: 2.364 | H83: 28.571 | I83: 12 | K83: =FALSE() -> FALSE | L83: =TRUE() -> TRUE | M83: =FALSE() -> FALSE | N83: =TRUE() -> TRUE | O83: 2 | P83: -0.874 | Q83: gripping firmly, gulping
A84: tsuratsura | B84: B | E84: Interoceptive | F84: 1.846 | G84: 1 | H84: 21.591 | I84: 56 | K84: =TRUE() -> TRUE | L84: =FALSE() -> FALSE | M84: =FALSE() -> FALSE | N84: =FALSE() -> FALSE | O84: 4 | P84: -0.95 | Q84: musing deeply
A85: gikugiku | B85: B | E85: Interoceptive | F85: 2.636 | G85: -0.231 | H85: 22.124 | I85: 1 | K85: =TRUE() -> TRUE | L85: =TRUE() -> TRUE | M85: =FALSE() -> FALSE | N85: =FALSE() -> FALSE | O85: 4 | P85: -1.072 | Q85: jerky, stiff
A86: hiyohiyo | B86: B | F86: 2.636 | G86: 1 | H86: 25 | I86: 4 | K86: =TRUE() -> TRUE | L86: =FALSE() -> FALSE | M86: =FALSE() -> FALSE | N86: =FALSE() -> FALSE | O86: 4 | Q86: fluttering weakly
A87: buwabuwa | B87: B | F87: 2.7 | G87: 1.273 | H87: 24.468 | I87: 2 | K87: =TRUE() -> TRUE | L87: =TRUE() -> TRUE | M87: =FALSE() -> FALSE | N87: =FALSE() -> FALSE | O87: 4 | Q87: spongy, waterlogged
A88: bikkuri | B88: A | C88: びっくり | D88: ビックリ | F88: 4.091 | H88: 13.043 | I88: 4402 | J88: 0.348 | K88: =FALSE() -> FALSE | L88: =TRUE() -> TRUE | M88: =TRUE() -> TRUE | N88: =FALSE() -> FALSE | O88: 3 | Q88: startled, surprised

Sheet Pairs
A1: pair_id | B1: floor | C1: word_1 (new) | D1: word_2 | E1: word_2_is_existing_thesis_word | F1: contrast_axis | G1: difficulty_prior | H1: new_recordings | I1: sign_off | J1: thesis_modality_check | K1: notes
A2: A1 | B2: Auditory | C2: batabata | D2: hissori | E2: =FALSE() -> FALSE | F2: loud commotion vs silence (antonymic) | G2: easy | H2: 2 | K2: w1: clattering, flapping about | w2: hushed, still
A3: A2 | B3: Auditory | C3: boribori | D3: poripori | E3: =TRUE() -> TRUE | F3: loud vs quiet crunch — minimal contrast | G3: hard | H3: 1 | J3: CHECK | K3: w1: crunching loudly | w2: nibbling with a quiet crunch
A4: A3 | B4: Auditory | C4: potopoto | D4: jaajaa | E4: =TRUE() -> TRUE | F4: dripping vs gushing water | G4: easy | H4: 1 | J4: CHECK | K4: w1: dripping in steady drops | w2: gushing noisily
A5: A4 | B5: Auditory | C5: kerakera | D5: kutsukutsu | E5: =FALSE() -> FALSE | F5: open vs suppressed laughter | G5: medium | H5: 2 | K5: w1: cackling openly | w2: chuckling under one's breath
A6: A5 | B6: Auditory | C6: pokipoki | D6: chokichoki | E6: =FALSE() -> FALSE | F6: snapping vs snipping | G6: medium | H6: 2 | K6: w1: snapping dry sticks | w2: snipping with scissors
A7: A6 | B7: Auditory | C7: kishikishi | D7: dotadota | E7: =FALSE() -> FALSE | F7: creaking vs stomping | G7: medium | H7: 2 | K7: w1: creaking under strain | w2: stomping heavily
A8: H1 | B8: Haptic | C8: sarasara | D8: nebaneba | E8: =FALSE() -> FALSE | F8: dry-smooth vs sticky (textbook contrast) | G8: easy | H8: 2 | K8: w1: smooth, dry, silky | w2: sticky, gooey
A9: H2 | B9: Haptic | C9: fuwafuwa | D9: gotsugotsu | E9: =TRUE() -> TRUE | F9: fluffy-soft vs rugged-hard | G9: easy | H9: 1 | J9: CHECK | K9: w1: soft, fluffy, airy | w2: rugged, craggy
A10: H3 | B10: Haptic | C10: shittori | D10: bosabosa | E10: =TRUE() -> TRUE | F10: silky-moist vs dry-tousled | G10: medium | H10: 1 | J10: CHECK | K10: w1: moist, silky-damp | w2: dry, tousled
A11: H4 | B11: Haptic | C11: dorodoro | D11: tsururi | E11: =FALSE() -> FALSE | F11: viscous sludge vs frictionless slip | G11: medium | H11: 2 | K11: w1: thick, muddy, syrupy | w2: slipping smoothly
A12: H5 | B12: Haptic | C12: togetoge | D12: fusafusa | E12: =FALSE() -> FALSE | F12: prickly vs fluffy | G12: easy | H12: 2 | K12: w1: prickly, thorny | w2: fluffy, tufted
A13: H6 | B13: Haptic | C13: gyuq | D13: funyafunya | E13: =FALSE() -> FALSE | F13: tight grip vs limp squish | G13: medium | H13: 2 | K13: w1: squeezing tight | w2: limp, squishy
A14: I1 | B14: Interoceptive | C14: uttori | D14: unzari | E14: =TRUE() -> TRUE | F14: entranced vs fed up | G14: easy | H14: 1 | J14: CHECK | K14: w1: spellbound, dreamily entranced | w2: fed up, sick of it
A15: I2 | B15: Interoceptive | C15: hiyari | D15: hokkori | E15: =TRUE() -> TRUE | F15: chill of fear vs cozy warmth | G15: easy | H15: 1 | J15: CHECK | K15: w1: a chill of sudden fear | w2: warm and comforted
A16: I3 | B16: Interoceptive | C16: daradara | D16: kippari | E16: =FALSE() -> FALSE | F16: listless vs decisive | G16: medium | H16: 2 | K16: w1: listless, dragging on | w2: decisive, clean-cut
A17: I4 | B17: Interoceptive | C17: guruguru | D17: gakun | E17: =FALSE() -> FALSE | F17: dizzy whirl vs sudden jolt | G17: medium | H17: 2 | K17: w1: head spinning, dizzy whirl | w2: a sudden jolt or drop
A18: I5 | B18: Interoceptive | C18: pokan | D18: wakuwaku | E18: =TRUE() -> TRUE | F18: blank daze vs tingling excitement | G18: medium | H18: 1 | J18: CHECK | K18: w1: blank, vacantly dazed | w2: tingling with excitement
A19: V1 | B19: Visual | C19: chirari | D19: jikkuri | E19: =FALSE() -> FALSE | F19: fleeting glimpse vs long careful look | G19: medium | H19: 2 | K19: w1: a fleeting glimpse | w2: carefully, taking a long look
A20: V2 | B20: Visual | C20: potsun | D20: bisshiri | E20: =TRUE() -> TRUE | F20: isolated dot vs densely packed | G20: easy | H20: 1 | J20: CHECK | K20: w1: all alone, a solitary dot | w2: packed densely
A21: V3 | B21: Visual | C21: kurukuru | D21: pitari | E21: =TRUE() -> TRUE | F21: twirling vs stopping exactly | G21: medium | H21: 1 | J21: CHECK | K21: w1: twirling round and round | w2: stopping exactly, fitting perfectly
A22: V4 | B22: Visual | C22: urouro | D22: sassa | E22: =FALSE() -> FALSE | F22: aimless wandering vs brisk purpose | G22: medium | H22: 2 | K22: w1: wandering aimlessly | w2: briskly, without dawdling
A23: V5 | B23: Visual | C23: pikari | D23: donyori | E23: =TRUE() -> TRUE | F23: flash of light vs leaden dullness | G23: easy | H23: 1 | J23: CHECK | K23: w1: a sudden flash of light | w2: dull, leaden, overcast
A24: V6 | B24: Visual | C24: mechakucha | D24: kitchiri | E24: =FALSE() -> FALSE | F24: total disarray vs neat precision | G24: easy | H24: 2 | K24: w1: in total disarray | w2: neatly, precisely

Sheet ConventionFrontier
A1: key | B1: freq_uni | C1: draft_gloss | D1: why here
A2: hakkiri | B2: 9870 | C2: clearly, distinctly | D2: fully conventionalized ideophone — iconicity opaque; fuel for a "convention takes over" hard tier / Lexicalization Frontier idea (F2), not core pairs
A3: yukkuri | B3: 8725 | C3: slowly, unhurriedly | D3: fully conventionalized ideophone — iconicity opaque; fuel for a "convention takes over" hard tier / Lexicalization Frontier idea (F2), not core pairs
A4: shikkari | B4: 7921 | C4: firmly, reliably | D4: fully conventionalized ideophone — iconicity opaque; fuel for a "convention takes over" hard tier / Lexicalization Frontier idea (F2), not core pairs
A5: sukkari | B5: 1872 | C5: completely, utterly | D5: fully conventionalized ideophone — iconicity opaque; fuel for a "convention takes over" hard tier / Lexicalization Frontier idea (F2), not core pairs
A6: bikkuri | B6: 4402 | C6: startled, surprised | D6: fully conventionalized ideophone — iconicity opaque; fuel for a "convention takes over" hard tier / Lexicalization Frontier idea (F2), not core pairs
